testcase,ruleId,file,line,message
BenchmarkTest00023,java/insecure-randomness,src/main/java/org/owasp/benchmark/testcode/BenchmarkTest00023.java,76,Potential Insecure randomness due to a [Insecure randomness source.](1).
BenchmarkTest00066,java/insecure-randomness,src/main/java/org/owasp/benchmark/testcode/BenchmarkTest00066.java,102,Potential Insecure randomness due to a [Insecure randomness source.](1).
BenchmarkTest00068,java/insecure-randomness,src/main/java/org/owasp/benchmark/testcode/BenchmarkTest00068.java,102,Potential Insecure randomness due to a [Insecure randomness source.](1).
BenchmarkTest00078,java/insecure-randomness,src/main/java/org/owasp/benchmark/testcode/BenchmarkTest00078.java,103,Potential Insecure randomness due to a [Insecure randomness source.](1).
BenchmarkTest00084,java/insecure-randomness,src/main/java/org/owasp/benchmark/testcode/BenchmarkTest00084.java,98,Potential Insecure randomness due to a [Insecure randomness source.](1).
BenchmarkTest00081,java/insecure-randomness,src/main/java/org/owasp/benchmark/testcode/BenchmarkTest00081.java,96,Potential Insecure randomness due to a [Insecure randomness source.](1).
BenchmarkTest00083,java/insecure-randomness,src/main/java/org/owasp/benchmark/testcode/BenchmarkTest00083.java,101,Potential Insecure randomness due to a [Insecure randomness source.](1).
BenchmarkTest00080,java/insecure-randomness,src/main/java/org/owasp/benchmark/testcode/BenchmarkTest00080.java,96,Potential Insecure randomness due to a [Insecure randomness source.](1).
BenchmarkTest00067,java/insecure-randomness,src/main/java/org/owasp/benchmark/testcode/BenchmarkTest00067.java,118,Potential Insecure randomness due to a [Insecure randomness source.](1).
BenchmarkTest00082,java/insecure-randomness,src/main/java/org/owasp/benchmark/testcode/BenchmarkTest00082.java,97,Potential Insecure randomness due to a [Insecure randomness source.](1).
BenchmarkTest00079,java/insecure-randomness,src/main/java/org/owasp/benchmark/testcode/BenchmarkTest00079.java,101,Potential Insecure randomness due to a [Insecure randomness source.](1).
BenchmarkTest00086,java/insecure-randomness,src/main/java/org/owasp/benchmark/testcode/BenchmarkTest00086.java,102,Potential Insecure randomness due to a [Insecure randomness source.](1).
BenchmarkTest00085,java/insecure-randomness,src/main/java/org/owasp/benchmark/testcode/BenchmarkTest00085.java,102,Potential Insecure randomness due to a [Insecure randomness source.](1).
BenchmarkTest00140,java/insecure-randomness,src/main/java/org/owasp/benchmark/testcode/BenchmarkTest00140.java,93,Potential Insecure randomness due to a [Insecure randomness source.](1).
BenchmarkTest00160,java/insecure-randomness,src/main/java/org/owasp/benchmark/testcode/BenchmarkTest00160.java,90,Potential Insecure randomness due to a [Insecure randomness source.](1).
BenchmarkTest00162,java/insecure-randomness,src/main/java/org/owasp/benchmark/testcode/BenchmarkTest00162.java,82,Potential Insecure randomness due to a [Insecure randomness source.](1).
BenchmarkTest00161,java/insecure-randomness,src/main/java/org/owasp/benchmark/testcode/BenchmarkTest00161.java,88,Potential Insecure randomness due to a [Insecure randomness source.](1).
BenchmarkTest00164,java/insecure-randomness,src/main/java/org/owasp/benchmark/testcode/BenchmarkTest00164.java,87,Potential Insecure randomness due to a [Insecure randomness source.](1).
BenchmarkTest00168,java/insecure-randomness,src/main/java/org/owasp/benchmark/testcode/BenchmarkTest00168.java,88,Potential Insecure randomness due to a [Insecure randomness source.](1).
BenchmarkTest00165,java/insecure-randomness,src/main/java/org/owasp/benchmark/testcode/BenchmarkTest00165.java,85,Potential Insecure randomness due to a [Insecure randomness source.](1).
BenchmarkTest00167,java/insecure-randomness,src/main/java/org/owasp/benchmark/testcode/BenchmarkTest00167.java,90,Potential Insecure randomness due to a [Insecure randomness source.](1).
BenchmarkTest00163,java/insecure-randomness,src/main/java/org/owasp/benchmark/testcode/BenchmarkTest00163.java,83,Potential Insecure randomness due to a [Insecure randomness source.](1).
BenchmarkTest00166,java/insecure-randomness,src/main/java/org/owasp/benchmark/testcode/BenchmarkTest00166.java,83,Potential Insecure randomness due to a [Insecure randomness source.](1).
BenchmarkTest00230,java/insecure-randomness,src/main/java/org/owasp/benchmark/testcode/BenchmarkTest00230.java,96,Potential Insecure randomness due to a [Insecure randomness source.](1).
BenchmarkTest00233,java/insecure-randomness,src/main/java/org/owasp/benchmark/testcode/BenchmarkTest00233.java,94,Potential Insecure randomness due to a [Insecure randomness source.](1).
BenchmarkTest00231,java/insecure-randomness,src/main/java/org/owasp/benchmark/testcode/BenchmarkTest00231.java,97,Potential Insecure randomness due to a [Insecure randomness source.](1).
BenchmarkTest00234,java/insecure-randomness,src/main/java/org/owasp/benchmark/testcode/BenchmarkTest00234.java,98,Potential Insecure randomness due to a [Insecure randomness source.](1).
BenchmarkTest00236,java/insecure-randomness,src/main/java/org/owasp/benchmark/testcode/BenchmarkTest00236.java,97,Potential Insecure randomness due to a [Insecure randomness source.](1).
BenchmarkTest00237,java/insecure-randomness,src/main/java/org/owasp/benchmark/testcode/BenchmarkTest00237.java,111,Potential Insecure randomness due to a [Insecure randomness source.](1).
BenchmarkTest00232,java/insecure-randomness,src/main/java/org/owasp/benchmark/testcode/BenchmarkTest00232.java,98,Potential Insecure randomness due to a [Insecure randomness source.](1).
BenchmarkTest00240,java/insecure-randomness,src/main/java/org/owasp/benchmark/testcode/BenchmarkTest00240.java,95,Potential Insecure randomness due to a [Insecure randomness source.](1).
BenchmarkTest00238,java/insecure-randomness,src/main/java/org/owasp/benchmark/testcode/BenchmarkTest00238.java,100,Potential Insecure randomness due to a [Insecure randomness source.](1).
BenchmarkTest00235,java/insecure-randomness,src/main/java/org/owasp/benchmark/testcode/BenchmarkTest00235.java,94,Potential Insecure randomness due to a [Insecure randomness source.](1).
BenchmarkTest00239,java/insecure-randomness,src/main/java/org/owasp/benchmark/testcode/BenchmarkTest00239.java,113,Potential Insecure randomness due to a [Insecure randomness source.](1).
BenchmarkTest00296,java/insecure-randomness,src/main/java/org/owasp/benchmark/testcode/BenchmarkTest00296.java,89,Potential Insecure randomness due to a [Insecure randomness source.](1).
BenchmarkTest00297,java/insecure-randomness,src/main/java/org/owasp/benchmark/testcode/BenchmarkTest00297.java,86,Potential Insecure randomness due to a [Insecure randomness source.](1).
BenchmarkTest00298,java/insecure-randomness,src/main/java/org/owasp/benchmark/testcode/BenchmarkTest00298.java,89,Potential Insecure randomness due to a [Insecure randomness source.](1).
BenchmarkTest00299,java/insecure-randomness,src/main/java/org/owasp/benchmark/testcode/BenchmarkTest00299.java,90,Potential Insecure randomness due to a [Insecure randomness source.](1).
BenchmarkTest00347,java/insecure-randomness,src/main/java/org/owasp/benchmark/testcode/BenchmarkTest00347.java,77,Potential Insecure randomness due to a [Insecure randomness source.](1).
BenchmarkTest00368,java/insecure-randomness,src/main/java/org/owasp/benchmark/testcode/BenchmarkTest00368.java,78,Potential Insecure randomness due to a [Insecure randomness source.](1).
BenchmarkTest00369,java/insecure-randomness,src/main/java/org/owasp/benchmark/testcode/BenchmarkTest00369.java,81,Potential Insecure randomness due to a [Insecure randomness source.](1).
BenchmarkTest00400,java/insecure-randomness,src/main/java/org/owasp/benchmark/testcode/BenchmarkTest00400.java,96,Potential Insecure randomness due to a [Insecure randomness source.](1).
BenchmarkTest00397,java/insecure-randomness,src/main/java/org/owasp/benchmark/testcode/BenchmarkTest00397.java,79,Potential Insecure randomness due to a [Insecure randomness source.](1).
BenchmarkTest00401,java/insecure-randomness,src/main/java/org/owasp/benchmark/testcode/BenchmarkTest00401.java,84,Potential Insecure randomness due to a [Insecure randomness source.](1).
BenchmarkTest00398,java/insecure-randomness,src/main/java/org/owasp/benchmark/testcode/BenchmarkTest00398.java,83,Potential Insecure randomness due to a [Insecure randomness source.](1).
BenchmarkTest00399,java/insecure-randomness,src/main/java/org/owasp/benchmark/testcode/BenchmarkTest00399.java,98,Potential Insecure randomness due to a [Insecure randomness source.](1).
BenchmarkTest00402,java/insecure-randomness,src/main/java/org/owasp/benchmark/testcode/BenchmarkTest00402.java,81,Potential Insecure randomness due to a [Insecure randomness source.](1).
BenchmarkTest00461,java/insecure-randomness,src/main/java/org/owasp/benchmark/testcode/BenchmarkTest00461.java,82,Potential Insecure randomness due to a [Insecure randomness source.](1).
BenchmarkTest00483,java/insecure-randomness,src/main/java/org/owasp/benchmark/testcode/BenchmarkTest00483.java,87,Potential Insecure randomness due to a [Insecure randomness source.](1).
BenchmarkTest00485,java/insecure-randomness,src/main/java/org/owasp/benchmark/testcode/BenchmarkTest00485.java,83,Potential Insecure randomness due to a [Insecure randomness source.](1).
BenchmarkTest00484,java/insecure-randomness,src/main/java/org/owasp/benchmark/testcode/BenchmarkTest00484.java,86,Potential Insecure randomness due to a [Insecure randomness source.](1).
BenchmarkTest00482,java/insecure-randomness,src/main/java/org/owasp/benchmark/testcode/BenchmarkTest00482.java,82,Potential Insecure randomness due to a [Insecure randomness source.](1).
BenchmarkTest00486,java/insecure-randomness,src/main/java/org/owasp/benchmark/testcode/BenchmarkTest00486.java,81,Potential Insecure randomness due to a [Insecure randomness source.](1).
BenchmarkTest00487,java/insecure-randomness,src/main/java/org/owasp/benchmark/testcode/BenchmarkTest00487.java,86,Potential Insecure randomness due to a [Insecure randomness source.](1).
BenchmarkTest00489,java/insecure-randomness,src/main/java/org/owasp/benchmark/testcode/BenchmarkTest00489.java,87,Potential Insecure randomness due to a [Insecure randomness source.](1).
BenchmarkTest00488,java/insecure-randomness,src/main/java/org/owasp/benchmark/testcode/BenchmarkTest00488.java,92,Potential Insecure randomness due to a [Insecure randomness source.](1).
BenchmarkTest00490,java/insecure-randomness,src/main/java/org/owasp/benchmark/testcode/BenchmarkTest00490.java,92,Potential Insecure randomness due to a [Insecure randomness source.](1).
BenchmarkTest00564,java/insecure-randomness,src/main/java/org/owasp/benchmark/testcode/BenchmarkTest00564.java,93,Potential Insecure randomness due to a [Insecure randomness source.](1).
BenchmarkTest00561,java/insecure-randomness,src/main/java/org/owasp/benchmark/testcode/BenchmarkTest00561.java,101,Potential Insecure randomness due to a [Insecure randomness source.](1).
BenchmarkTest00562,java/insecure-randomness,src/main/java/org/owasp/benchmark/testcode/BenchmarkTest00562.java,110,Potential Insecure randomness due to a [Insecure randomness source.](1).
BenchmarkTest00560,java/insecure-randomness,src/main/java/org/owasp/benchmark/testcode/BenchmarkTest00560.java,96,Potential Insecure randomness due to a [Insecure randomness source.](1).
BenchmarkTest00563,java/insecure-randomness,src/main/java/org/owasp/benchmark/testcode/BenchmarkTest00563.java,91,Potential Insecure randomness due to a [Insecure randomness source.](1).
BenchmarkTest00653,java/insecure-randomness,src/main/java/org/owasp/benchmark/testcode/BenchmarkTest00653.java,84,Potential Insecure randomness due to a [Insecure randomness source.](1).
BenchmarkTest00652,java/insecure-randomness,src/main/java/org/owasp/benchmark/testcode/BenchmarkTest00652.java,82,Potential Insecure randomness due to a [Insecure randomness source.](1).
BenchmarkTest00654,java/insecure-randomness,src/main/java/org/owasp/benchmark/testcode/BenchmarkTest00654.java,90,Potential Insecure randomness due to a [Insecure randomness source.](1).
BenchmarkTest00702,java/insecure-randomness,src/main/java/org/owasp/benchmark/testcode/BenchmarkTest00702.java,87,Potential Insecure randomness due to a [Insecure randomness source.](1).
BenchmarkTest00734,java/insecure-randomness,src/main/java/org/owasp/benchmark/testcode/BenchmarkTest00734.java,98,Potential Insecure randomness due to a [Insecure randomness source.](1).
BenchmarkTest00733,java/insecure-randomness,src/main/java/org/owasp/benchmark/testcode/BenchmarkTest00733.java,80,Potential Insecure randomness due to a [Insecure randomness source.](1).
BenchmarkTest00735,java/insecure-randomness,src/main/java/org/owasp/benchmark/testcode/BenchmarkTest00735.java,90,Potential Insecure randomness due to a [Insecure randomness source.](1).
BenchmarkTest00819,java/insecure-randomness,src/main/java/org/owasp/benchmark/testcode/BenchmarkTest00819.java,107,Potential Insecure randomness due to a [Insecure randomness source.](1).
BenchmarkTest00818,java/insecure-randomness,src/main/java/org/owasp/benchmark/testcode/BenchmarkTest00818.java,104,Potential Insecure randomness due to a [Insecure randomness source.](1).
BenchmarkTest00817,java/insecure-randomness,src/main/java/org/owasp/benchmark/testcode/BenchmarkTest00817.java,121,Potential Insecure randomness due to a [Insecure randomness source.](1).
BenchmarkTest00901,java/insecure-randomness,src/main/java/org/owasp/benchmark/testcode/BenchmarkTest00901.java,97,Potential Insecure randomness due to a [Insecure randomness source.](1).
BenchmarkTest00899,java/insecure-randomness,src/main/java/org/owasp/benchmark/testcode/BenchmarkTest00899.java,97,Potential Insecure randomness due to a [Insecure randomness source.](1).
BenchmarkTest00898,java/insecure-randomness,src/main/java/org/owasp/benchmark/testcode/BenchmarkTest00898.java,86,Potential Insecure randomness due to a [Insecure randomness source.](1).
BenchmarkTest00900,java/insecure-randomness,src/main/java/org/owasp/benchmark/testcode/BenchmarkTest00900.java,97,Potential Insecure randomness due to a [Insecure randomness source.](1).
BenchmarkTest00902,java/insecure-randomness,src/main/java/org/owasp/benchmark/testcode/BenchmarkTest00902.java,83,Potential Insecure randomness due to a [Insecure randomness source.](1).
BenchmarkTest00960,java/insecure-randomness,src/main/java/org/owasp/benchmark/testcode/BenchmarkTest00960.java,97,Potential Insecure randomness due to a [Insecure randomness source.](1).
BenchmarkTest00971,java/insecure-randomness,src/main/java/org/owasp/benchmark/testcode/BenchmarkTest00971.java,96,Potential Insecure randomness due to a [Insecure randomness source.](1).
BenchmarkTest00973,java/insecure-randomness,src/main/java/org/owasp/benchmark/testcode/BenchmarkTest00973.java,96,Potential Insecure randomness due to a [Insecure randomness source.](1).
BenchmarkTest00974,java/insecure-randomness,src/main/java/org/owasp/benchmark/testcode/BenchmarkTest00974.java,96,Potential Insecure randomness due to a [Insecure randomness source.](1).
BenchmarkTest00972,java/insecure-randomness,src/main/java/org/owasp/benchmark/testcode/BenchmarkTest00972.java,96,Potential Insecure randomness due to a [Insecure randomness source.](1).
BenchmarkTest00975,java/insecure-randomness,src/main/java/org/owasp/benchmark/testcode/BenchmarkTest00975.java,96,Potential Insecure randomness due to a [Insecure randomness source.](1).
BenchmarkTest00976,java/insecure-randomness,src/main/java/org/owasp/benchmark/testcode/BenchmarkTest00976.java,97,Potential Insecure randomness due to a [Insecure randomness source.](1).
BenchmarkTest01058,java/insecure-randomness,src/main/java/org/owasp/benchmark/testcode/BenchmarkTest01058.java,83,Potential Insecure randomness due to a [Insecure randomness source.](1).
BenchmarkTest01059,java/insecure-randomness,src/main/java/org/owasp/benchmark/testcode/BenchmarkTest01059.java,82,Potential Insecure randomness due to a [Insecure randomness source.](1).
BenchmarkTest01060,java/insecure-randomness,src/main/java/org/owasp/benchmark/testcode/BenchmarkTest01060.java,82,Potential Insecure randomness due to a [Insecure randomness source.](1).
BenchmarkTest01119,java/insecure-randomness,src/main/java/org/owasp/benchmark/testcode/BenchmarkTest01119.java,93,Potential Insecure randomness due to a [Insecure randomness source.](1).
BenchmarkTest01130,java/insecure-randomness,src/main/java/org/owasp/benchmark/testcode/BenchmarkTest01130.java,92,Potential Insecure randomness due to a [Insecure randomness source.](1).
BenchmarkTest01128,java/insecure-randomness,src/main/java/org/owasp/benchmark/testcode/BenchmarkTest01128.java,92,Potential Insecure randomness due to a [Insecure randomness source.](1).
BenchmarkTest01129,java/insecure-randomness,src/main/java/org/owasp/benchmark/testcode/BenchmarkTest01129.java,92,Potential Insecure randomness due to a [Insecure randomness source.](1).
BenchmarkTest01127,java/insecure-randomness,src/main/java/org/owasp/benchmark/testcode/BenchmarkTest01127.java,92,Potential Insecure randomness due to a [Insecure randomness source.](1).
BenchmarkTest01131,java/insecure-randomness,src/main/java/org/owasp/benchmark/testcode/BenchmarkTest01131.java,92,Potential Insecure randomness due to a [Insecure randomness source.](1).
BenchmarkTest01133,java/insecure-randomness,src/main/java/org/owasp/benchmark/testcode/BenchmarkTest01133.java,93,Potential Insecure randomness due to a [Insecure randomness source.](1).
BenchmarkTest01132,java/insecure-randomness,src/main/java/org/owasp/benchmark/testcode/BenchmarkTest01132.java,92,Potential Insecure randomness due to a [Insecure randomness source.](1).
BenchmarkTest01162,java/insecure-randomness,src/main/java/org/owasp/benchmark/testcode/BenchmarkTest01162.java,85,Potential Insecure randomness due to a [Insecure randomness source.](1).
BenchmarkTest01163,java/insecure-randomness,src/main/java/org/owasp/benchmark/testcode/BenchmarkTest01163.java,85,Potential Insecure randomness due to a [Insecure randomness source.](1).
BenchmarkTest01183,java/insecure-randomness,src/main/java/org/owasp/benchmark/testcode/BenchmarkTest01183.java,84,Potential Insecure randomness due to a [Insecure randomness source.](1).
BenchmarkTest01184,java/insecure-randomness,src/main/java/org/owasp/benchmark/testcode/BenchmarkTest01184.java,84,Potential Insecure randomness due to a [Insecure randomness source.](1).
BenchmarkTest01273,java/insecure-randomness,src/main/java/org/owasp/benchmark/testcode/BenchmarkTest01273.java,77,Potential Insecure randomness due to a [Insecure randomness source.](1).
BenchmarkTest01271,java/insecure-randomness,src/main/java/org/owasp/benchmark/testcode/BenchmarkTest01271.java,77,Potential Insecure randomness due to a [Insecure randomness source.](1).
BenchmarkTest01275,java/insecure-randomness,src/main/java/org/owasp/benchmark/testcode/BenchmarkTest01275.java,77,Potential Insecure randomness due to a [Insecure randomness source.](1).
BenchmarkTest01272,java/insecure-randomness,src/main/java/org/owasp/benchmark/testcode/BenchmarkTest01272.java,77,Potential Insecure randomness due to a [Insecure randomness source.](1).
BenchmarkTest01276,java/insecure-randomness,src/main/java/org/owasp/benchmark/testcode/BenchmarkTest01276.java,77,Potential Insecure randomness due to a [Insecure randomness source.](1).
BenchmarkTest01274,java/insecure-randomness,src/main/java/org/owasp/benchmark/testcode/BenchmarkTest01274.java,77,Potential Insecure randomness due to a [Insecure randomness source.](1).
BenchmarkTest01278,java/insecure-randomness,src/main/java/org/owasp/benchmark/testcode/BenchmarkTest01278.java,78,Potential Insecure randomness due to a [Insecure randomness source.](1).
BenchmarkTest01277,java/insecure-randomness,src/main/java/org/owasp/benchmark/testcode/BenchmarkTest01277.java,78,Potential Insecure randomness due to a [Insecure randomness source.](1).
BenchmarkTest01279,java/insecure-randomness,src/main/java/org/owasp/benchmark/testcode/BenchmarkTest01279.java,78,Potential Insecure randomness due to a [Insecure randomness source.](1).
BenchmarkTest01358,java/insecure-randomness,src/main/java/org/owasp/benchmark/testcode/BenchmarkTest01358.java,81,Potential Insecure randomness due to a [Insecure randomness source.](1).
BenchmarkTest01354,java/insecure-randomness,src/main/java/org/owasp/benchmark/testcode/BenchmarkTest01354.java,81,Potential Insecure randomness due to a [Insecure randomness source.](1).
BenchmarkTest01355,java/insecure-randomness,src/main/java/org/owasp/benchmark/testcode/BenchmarkTest01355.java,81,Potential Insecure randomness due to a [Insecure randomness source.](1).
BenchmarkTest01356,java/insecure-randomness,src/main/java/org/owasp/benchmark/testcode/BenchmarkTest01356.java,81,Potential Insecure randomness due to a [Insecure randomness source.](1).
BenchmarkTest01357,java/insecure-randomness,src/main/java/org/owasp/benchmark/testcode/BenchmarkTest01357.java,81,Potential Insecure randomness due to a [Insecure randomness source.](1).
BenchmarkTest01435,java/insecure-randomness,src/main/java/org/owasp/benchmark/testcode/BenchmarkTest01435.java,91,Potential Insecure randomness due to a [Insecure randomness source.](1).
BenchmarkTest01432,java/insecure-randomness,src/main/java/org/owasp/benchmark/testcode/BenchmarkTest01432.java,91,Potential Insecure randomness due to a [Insecure randomness source.](1).
BenchmarkTest01431,java/insecure-randomness,src/main/java/org/owasp/benchmark/testcode/BenchmarkTest01431.java,91,Potential Insecure randomness due to a [Insecure randomness source.](1).
BenchmarkTest01433,java/insecure-randomness,src/main/java/org/owasp/benchmark/testcode/BenchmarkTest01433.java,91,Potential Insecure randomness due to a [Insecure randomness source.](1).
BenchmarkTest01434,java/insecure-randomness,src/main/java/org/owasp/benchmark/testcode/BenchmarkTest01434.java,91,Potential Insecure randomness due to a [Insecure randomness source.](1).
BenchmarkTest01502,java/insecure-randomness,src/main/java/org/owasp/benchmark/testcode/BenchmarkTest01502.java,80,Potential Insecure randomness due to a [Insecure randomness source.](1).
BenchmarkTest01520,java/insecure-randomness,src/main/java/org/owasp/benchmark/testcode/BenchmarkTest01520.java,80,Potential Insecure randomness due to a [Insecure randomness source.](1).
BenchmarkTest01518,java/insecure-randomness,src/main/java/org/owasp/benchmark/testcode/BenchmarkTest01518.java,79,Potential Insecure randomness due to a [Insecure randomness source.](1).
BenchmarkTest01519,java/insecure-randomness,src/main/java/org/owasp/benchmark/testcode/BenchmarkTest01519.java,79,Potential Insecure randomness due to a [Insecure randomness source.](1).
BenchmarkTest01575,java/insecure-randomness,src/main/java/org/owasp/benchmark/testcode/BenchmarkTest01575.java,80,Potential Insecure randomness due to a [Insecure randomness source.](1).
BenchmarkTest01603,java/insecure-randomness,src/main/java/org/owasp/benchmark/testcode/BenchmarkTest01603.java,80,Potential Insecure randomness due to a [Insecure randomness source.](1).
BenchmarkTest01602,java/insecure-randomness,src/main/java/org/owasp/benchmark/testcode/BenchmarkTest01602.java,79,Potential Insecure randomness due to a [Insecure randomness source.](1).
BenchmarkTest01648,java/insecure-randomness,src/main/java/org/owasp/benchmark/testcode/BenchmarkTest01648.java,102,Potential Insecure randomness due to a [Insecure randomness source.](1).
BenchmarkTest01676,java/insecure-randomness,src/main/java/org/owasp/benchmark/testcode/BenchmarkTest01676.java,101,Potential Insecure randomness due to a [Insecure randomness source.](1).
BenchmarkTest01678,java/insecure-randomness,src/main/java/org/owasp/benchmark/testcode/BenchmarkTest01678.java,101,Potential Insecure randomness due to a [Insecure randomness source.](1).
BenchmarkTest01677,java/insecure-randomness,src/main/java/org/owasp/benchmark/testcode/BenchmarkTest01677.java,101,Potential Insecure randomness due to a [Insecure randomness source.](1).
BenchmarkTest01679,java/insecure-randomness,src/main/java/org/owasp/benchmark/testcode/BenchmarkTest01679.java,101,Potential Insecure randomness due to a [Insecure randomness source.](1).
BenchmarkTest01675,java/insecure-randomness,src/main/java/org/owasp/benchmark/testcode/BenchmarkTest01675.java,102,Potential Insecure randomness due to a [Insecure randomness source.](1).
BenchmarkTest01680,java/insecure-randomness,src/main/java/org/owasp/benchmark/testcode/BenchmarkTest01680.java,101,Potential Insecure randomness due to a [Insecure randomness source.](1).
BenchmarkTest01681,java/insecure-randomness,src/main/java/org/owasp/benchmark/testcode/BenchmarkTest01681.java,101,Potential Insecure randomness due to a [Insecure randomness source.](1).
BenchmarkTest01782,java/insecure-randomness,src/main/java/org/owasp/benchmark/testcode/BenchmarkTest01782.java,78,Potential Insecure randomness due to a [Insecure randomness source.](1).
BenchmarkTest01781,java/insecure-randomness,src/main/java/org/owasp/benchmark/testcode/BenchmarkTest01781.java,78,Potential Insecure randomness due to a [Insecure randomness source.](1).
BenchmarkTest01783,java/insecure-randomness,src/main/java/org/owasp/benchmark/testcode/BenchmarkTest01783.java,78,Potential Insecure randomness due to a [Insecure randomness source.](1).
BenchmarkTest01786,java/insecure-randomness,src/main/java/org/owasp/benchmark/testcode/BenchmarkTest01786.java,78,Potential Insecure randomness due to a [Insecure randomness source.](1).
BenchmarkTest01784,java/insecure-randomness,src/main/java/org/owasp/benchmark/testcode/BenchmarkTest01784.java,78,Potential Insecure randomness due to a [Insecure randomness source.](1).
BenchmarkTest01785,java/insecure-randomness,src/main/java/org/owasp/benchmark/testcode/BenchmarkTest01785.java,78,Potential Insecure randomness due to a [Insecure randomness source.](1).
BenchmarkTest01787,java/insecure-randomness,src/main/java/org/owasp/benchmark/testcode/BenchmarkTest01787.java,78,Potential Insecure randomness due to a [Insecure randomness source.](1).
BenchmarkTest01788,java/insecure-randomness,src/main/java/org/owasp/benchmark/testcode/BenchmarkTest01788.java,79,Potential Insecure randomness due to a [Insecure randomness source.](1).
BenchmarkTest01843,java/insecure-randomness,src/main/java/org/owasp/benchmark/testcode/BenchmarkTest01843.java,97,Potential Insecure randomness due to a [Insecure randomness source.](1).
BenchmarkTest01842,java/insecure-randomness,src/main/java/org/owasp/benchmark/testcode/BenchmarkTest01842.java,97,Potential Insecure randomness due to a [Insecure randomness source.](1).
BenchmarkTest01853,java/insecure-randomness,src/main/java/org/owasp/benchmark/testcode/BenchmarkTest01853.java,97,Potential Insecure randomness due to a [Insecure randomness source.](1).
BenchmarkTest01854,java/insecure-randomness,src/main/java/org/owasp/benchmark/testcode/BenchmarkTest01854.java,96,Potential Insecure randomness due to a [Insecure randomness source.](1).
BenchmarkTest01855,java/insecure-randomness,src/main/java/org/owasp/benchmark/testcode/BenchmarkTest01855.java,97,Potential Insecure randomness due to a [Insecure randomness source.](1).
BenchmarkTest01856,java/insecure-randomness,src/main/java/org/owasp/benchmark/testcode/BenchmarkTest01856.java,97,Potential Insecure randomness due to a [Insecure randomness source.](1).
BenchmarkTest01857,java/insecure-randomness,src/main/java/org/owasp/benchmark/testcode/BenchmarkTest01857.java,97,Potential Insecure randomness due to a [Insecure randomness source.](1).
BenchmarkTest01859,java/insecure-randomness,src/main/java/org/owasp/benchmark/testcode/BenchmarkTest01859.java,97,Potential Insecure randomness due to a [Insecure randomness source.](1).
BenchmarkTest01860,java/insecure-randomness,src/main/java/org/owasp/benchmark/testcode/BenchmarkTest01860.java,97,Potential Insecure randomness due to a [Insecure randomness source.](1).
BenchmarkTest01858,java/insecure-randomness,src/main/java/org/owasp/benchmark/testcode/BenchmarkTest01858.java,97,Potential Insecure randomness due to a [Insecure randomness source.](1).
BenchmarkTest01910,java/insecure-randomness,src/main/java/org/owasp/benchmark/testcode/BenchmarkTest01910.java,83,Potential Insecure randomness due to a [Insecure randomness source.](1).
BenchmarkTest01930,java/insecure-randomness,src/main/java/org/owasp/benchmark/testcode/BenchmarkTest01930.java,82,Potential Insecure randomness due to a [Insecure randomness source.](1).
BenchmarkTest01934,java/insecure-randomness,src/main/java/org/owasp/benchmark/testcode/BenchmarkTest01934.java,83,Potential Insecure randomness due to a [Insecure randomness source.](1).
BenchmarkTest01933,java/insecure-randomness,src/main/java/org/owasp/benchmark/testcode/BenchmarkTest01933.java,83,Potential Insecure randomness due to a [Insecure randomness source.](1).
BenchmarkTest01932,java/insecure-randomness,src/main/java/org/owasp/benchmark/testcode/BenchmarkTest01932.java,82,Potential Insecure randomness due to a [Insecure randomness source.](1).
BenchmarkTest01931,java/insecure-randomness,src/main/java/org/owasp/benchmark/testcode/BenchmarkTest01931.java,82,Potential Insecure randomness due to a [Insecure randomness source.](1).
BenchmarkTest01999,java/insecure-randomness,src/main/java/org/owasp/benchmark/testcode/BenchmarkTest01999.java,93,Potential Insecure randomness due to a [Insecure randomness source.](1).
BenchmarkTest01992,java/insecure-randomness,src/main/java/org/owasp/benchmark/testcode/BenchmarkTest01992.java,93,Potential Insecure randomness due to a [Insecure randomness source.](1).
BenchmarkTest02002,java/insecure-randomness,src/main/java/org/owasp/benchmark/testcode/BenchmarkTest02002.java,92,Potential Insecure randomness due to a [Insecure randomness source.](1).
BenchmarkTest02001,java/insecure-randomness,src/main/java/org/owasp/benchmark/testcode/BenchmarkTest02001.java,92,Potential Insecure randomness due to a [Insecure randomness source.](1).
BenchmarkTest02000,java/insecure-randomness,src/main/java/org/owasp/benchmark/testcode/BenchmarkTest02000.java,93,Potential Insecure randomness due to a [Insecure randomness source.](1).
BenchmarkTest02003,java/insecure-randomness,src/main/java/org/owasp/benchmark/testcode/BenchmarkTest02003.java,92,Potential Insecure randomness due to a [Insecure randomness source.](1).
BenchmarkTest02004,java/insecure-randomness,src/main/java/org/owasp/benchmark/testcode/BenchmarkTest02004.java,93,Potential Insecure randomness due to a [Insecure randomness source.](1).
BenchmarkTest02040,java/insecure-randomness,src/main/java/org/owasp/benchmark/testcode/BenchmarkTest02040.java,85,Potential Insecure randomness due to a [Insecure randomness source.](1).
BenchmarkTest02039,java/insecure-randomness,src/main/java/org/owasp/benchmark/testcode/BenchmarkTest02039.java,85,Potential Insecure randomness due to a [Insecure randomness source.](1).
BenchmarkTest02038,java/insecure-randomness,src/main/java/org/owasp/benchmark/testcode/BenchmarkTest02038.java,85,Potential Insecure randomness due to a [Insecure randomness source.](1).
BenchmarkTest02062,java/insecure-randomness,src/main/java/org/owasp/benchmark/testcode/BenchmarkTest02062.java,84,Potential Insecure randomness due to a [Insecure randomness source.](1).
BenchmarkTest02063,java/insecure-randomness,src/main/java/org/owasp/benchmark/testcode/BenchmarkTest02063.java,85,Potential Insecure randomness due to a [Insecure randomness source.](1).
BenchmarkTest02060,java/insecure-randomness,src/main/java/org/owasp/benchmark/testcode/BenchmarkTest02060.java,84,Potential Insecure randomness due to a [Insecure randomness source.](1).
BenchmarkTest02061,java/insecure-randomness,src/main/java/org/owasp/benchmark/testcode/BenchmarkTest02061.java,84,Potential Insecure randomness due to a [Insecure randomness source.](1).
BenchmarkTest02117,java/insecure-randomness,src/main/java/org/owasp/benchmark/testcode/BenchmarkTest02117.java,78,Potential Insecure randomness due to a [Insecure randomness source.](1).
BenchmarkTest02141,java/insecure-randomness,src/main/java/org/owasp/benchmark/testcode/BenchmarkTest02141.java,78,Potential Insecure randomness due to a [Insecure randomness source.](1).
BenchmarkTest02140,java/insecure-randomness,src/main/java/org/owasp/benchmark/testcode/BenchmarkTest02140.java,77,Potential Insecure randomness due to a [Insecure randomness source.](1).
BenchmarkTest02138,java/insecure-randomness,src/main/java/org/owasp/benchmark/testcode/BenchmarkTest02138.java,78,Potential Insecure randomness due to a [Insecure randomness source.](1).
BenchmarkTest02139,java/insecure-randomness,src/main/java/org/owasp/benchmark/testcode/BenchmarkTest02139.java,77,Potential Insecure randomness due to a [Insecure randomness source.](1).
BenchmarkTest02209,java/insecure-randomness,src/main/java/org/owasp/benchmark/testcode/BenchmarkTest02209.java,82,Potential Insecure randomness due to a [Insecure randomness source.](1).
BenchmarkTest02245,java/insecure-randomness,src/main/java/org/owasp/benchmark/testcode/BenchmarkTest02245.java,81,Potential Insecure randomness due to a [Insecure randomness source.](1).
BenchmarkTest02246,java/insecure-randomness,src/main/java/org/owasp/benchmark/testcode/BenchmarkTest02246.java,81,Potential Insecure randomness due to a [Insecure randomness source.](1).
BenchmarkTest02337,java/insecure-randomness,src/main/java/org/owasp/benchmark/testcode/BenchmarkTest02337.java,92,Potential Insecure randomness due to a [Insecure randomness source.](1).
BenchmarkTest02338,java/insecure-randomness,src/main/java/org/owasp/benchmark/testcode/BenchmarkTest02338.java,92,Potential Insecure randomness due to a [Insecure randomness source.](1).
BenchmarkTest02415,java/insecure-randomness,src/main/java/org/owasp/benchmark/testcode/BenchmarkTest02415.java,80,Potential Insecure randomness due to a [Insecure randomness source.](1).
BenchmarkTest02416,java/insecure-randomness,src/main/java/org/owasp/benchmark/testcode/BenchmarkTest02416.java,79,Potential Insecure randomness due to a [Insecure randomness source.](1).
BenchmarkTest02419,java/insecure-randomness,src/main/java/org/owasp/benchmark/testcode/BenchmarkTest02419.java,79,Potential Insecure randomness due to a [Insecure randomness source.](1).
BenchmarkTest02417,java/insecure-randomness,src/main/java/org/owasp/benchmark/testcode/BenchmarkTest02417.java,79,Potential Insecure randomness due to a [Insecure randomness source.](1).
BenchmarkTest02422,java/insecure-randomness,src/main/java/org/owasp/benchmark/testcode/BenchmarkTest02422.java,79,Potential Insecure randomness due to a [Insecure randomness source.](1).
BenchmarkTest02420,java/insecure-randomness,src/main/java/org/owasp/benchmark/testcode/BenchmarkTest02420.java,79,Potential Insecure randomness due to a [Insecure randomness source.](1).
BenchmarkTest02421,java/insecure-randomness,src/main/java/org/owasp/benchmark/testcode/BenchmarkTest02421.java,79,Potential Insecure randomness due to a [Insecure randomness source.](1).
BenchmarkTest02418,java/insecure-randomness,src/main/java/org/owasp/benchmark/testcode/BenchmarkTest02418.java,79,Potential Insecure randomness due to a [Insecure randomness source.](1).
BenchmarkTest02425,java/insecure-randomness,src/main/java/org/owasp/benchmark/testcode/BenchmarkTest02425.java,79,Potential Insecure randomness due to a [Insecure randomness source.](1).
BenchmarkTest02423,java/insecure-randomness,src/main/java/org/owasp/benchmark/testcode/BenchmarkTest02423.java,79,Potential Insecure randomness due to a [Insecure randomness source.](1).
BenchmarkTest02424,java/insecure-randomness,src/main/java/org/owasp/benchmark/testcode/BenchmarkTest02424.java,79,Potential Insecure randomness due to a [Insecure randomness source.](1).
BenchmarkTest02426,java/insecure-randomness,src/main/java/org/owasp/benchmark/testcode/BenchmarkTest02426.java,80,Potential Insecure randomness due to a [Insecure randomness source.](1).
BenchmarkTest02473,java/insecure-randomness,src/main/java/org/owasp/benchmark/testcode/BenchmarkTest02473.java,80,Potential Insecure randomness due to a [Insecure randomness source.](1).
BenchmarkTest02497,java/insecure-randomness,src/main/java/org/owasp/benchmark/testcode/BenchmarkTest02497.java,79,Potential Insecure randomness due to a [Insecure randomness source.](1).
BenchmarkTest02498,java/insecure-randomness,src/main/java/org/owasp/benchmark/testcode/BenchmarkTest02498.java,79,Potential Insecure randomness due to a [Insecure randomness source.](1).
BenchmarkTest02501,java/insecure-randomness,src/main/java/org/owasp/benchmark/testcode/BenchmarkTest02501.java,79,Potential Insecure randomness due to a [Insecure randomness source.](1).
BenchmarkTest02499,java/insecure-randomness,src/main/java/org/owasp/benchmark/testcode/BenchmarkTest02499.java,79,Potential Insecure randomness due to a [Insecure randomness source.](1).
BenchmarkTest02504,java/insecure-randomness,src/main/java/org/owasp/benchmark/testcode/BenchmarkTest02504.java,79,Potential Insecure randomness due to a [Insecure randomness source.](1).
BenchmarkTest02500,java/insecure-randomness,src/main/java/org/owasp/benchmark/testcode/BenchmarkTest02500.java,79,Potential Insecure randomness due to a [Insecure randomness source.](1).
BenchmarkTest02505,java/insecure-randomness,src/main/java/org/owasp/benchmark/testcode/BenchmarkTest02505.java,80,Potential Insecure randomness due to a [Insecure randomness source.](1).
BenchmarkTest02503,java/insecure-randomness,src/main/java/org/owasp/benchmark/testcode/BenchmarkTest02503.java,79,Potential Insecure randomness due to a [Insecure randomness source.](1).
BenchmarkTest02502,java/insecure-randomness,src/main/java/org/owasp/benchmark/testcode/BenchmarkTest02502.java,79,Potential Insecure randomness due to a [Insecure randomness source.](1).
BenchmarkTest02506,java/insecure-randomness,src/main/java/org/owasp/benchmark/testcode/BenchmarkTest02506.java,80,Potential Insecure randomness due to a [Insecure randomness source.](1).
BenchmarkTest02604,java/insecure-randomness,src/main/java/org/owasp/benchmark/testcode/BenchmarkTest02604.java,101,Potential Insecure randomness due to a [Insecure randomness source.](1).
BenchmarkTest02602,java/insecure-randomness,src/main/java/org/owasp/benchmark/testcode/BenchmarkTest02602.java,102,Potential Insecure randomness due to a [Insecure randomness source.](1).
BenchmarkTest02605,java/insecure-randomness,src/main/java/org/owasp/benchmark/testcode/BenchmarkTest02605.java,101,Potential Insecure randomness due to a [Insecure randomness source.](1).
BenchmarkTest02606,java/insecure-randomness,src/main/java/org/owasp/benchmark/testcode/BenchmarkTest02606.java,101,Potential Insecure randomness due to a [Insecure randomness source.](1).
BenchmarkTest02603,java/insecure-randomness,src/main/java/org/owasp/benchmark/testcode/BenchmarkTest02603.java,102,Potential Insecure randomness due to a [Insecure randomness source.](1).
BenchmarkTest02700,java/insecure-randomness,src/main/java/org/owasp/benchmark/testcode/BenchmarkTest02700.java,79,Potential Insecure randomness due to a [Insecure randomness source.](1).
BenchmarkTest02701,java/insecure-randomness,src/main/java/org/owasp/benchmark/testcode/BenchmarkTest02701.java,79,Potential Insecure randomness due to a [Insecure randomness source.](1).
BenchmarkTest02703,java/insecure-randomness,src/main/java/org/owasp/benchmark/testcode/BenchmarkTest02703.java,78,Potential Insecure randomness due to a [Insecure randomness source.](1).
BenchmarkTest02702,java/insecure-randomness,src/main/java/org/owasp/benchmark/testcode/BenchmarkTest02702.java,78,Potential Insecure randomness due to a [Insecure randomness source.](1).
BenchmarkTest02706,java/insecure-randomness,src/main/java/org/owasp/benchmark/testcode/BenchmarkTest02706.java,78,Potential Insecure randomness due to a [Insecure randomness source.](1).
BenchmarkTest02704,java/insecure-randomness,src/main/java/org/owasp/benchmark/testcode/BenchmarkTest02704.java,78,Potential Insecure randomness due to a [Insecure randomness source.](1).
BenchmarkTest02705,java/insecure-randomness,src/main/java/org/owasp/benchmark/testcode/BenchmarkTest02705.java,78,Potential Insecure randomness due to a [Insecure randomness source.](1).
BenchmarkTest02708,java/insecure-randomness,src/main/java/org/owasp/benchmark/testcode/BenchmarkTest02708.java,79,Potential Insecure randomness due to a [Insecure randomness source.](1).
BenchmarkTest02707,java/insecure-randomness,src/main/java/org/owasp/benchmark/testcode/BenchmarkTest02707.java,78,Potential Insecure randomness due to a [Insecure randomness source.](1).
